sensor_id,timestamp,temperature,humidity,location,sensor_type
1037,2025-04-10 18:51:28,23.88,42.47,BuildingB_Floor1,TypeB
1077,2025-04-11 22:31:09,15.75,62.39,BuildingA_Floor1,TypeC
1026,2025-04-10 20:12:57,20.33,56.29,BuildingA_Floor1,TypeB
1065,2025-04-11 18:54:24,21.82,43.67,BuildingA_Floor1,TypeA
1051,2025-04-08 07:42:32,21.91,42.31,BuildingB_Floor2,TypeB
1077,2025-04-09 03:27:28,19.26,56.13,BuildingB_Floor2,TypeB
1071,2025-04-07 05:10:17,19.48,45.94,BuildingA_Floor2,TypeA
1030,2025-04-11 00:24:28,29.88,56.12,BuildingB_Floor2,TypeB
1020,2025-04-07 12:30:41,21.86,38.75,BuildingA_Floor1,TypeC
1017,2025-04-09 13:49:19,24.51,69.35,BuildingB_Floor2,TypeC
1076,2025-04-11 23:51:17,20.66,58.15,BuildingB_Floor1,TypeC
1041,2025-04-08 01:34:29,31.26,43.75,BuildingA_Floor2,TypeA
1097,2025-04-10 19:11:00,29.1,39.68,BuildingA_Floor1,TypeC
1063,2025-04-07 05:42:19,23.29,32.67,BuildingA_Floor1,TypeC
1097,2025-04-09 18:06:04,23.41,58.02,BuildingA_Floor1,TypeA
1008,2025-04-10 18:09:27,33.93,41.88,BuildingB_Floor1,TypeC
1055,2025-04-07 03:48:07,24.52,41.89,BuildingB_Floor1,TypeA
1073,2025-04-11 11:17:05,18.8,67.91,BuildingB_Floor1,TypeB
1054,2025-04-08 13:50:00,15.57,72.66,BuildingA_Floor1,TypeA
1043,2025-04-11 14:10:33,24.1,64.32,BuildingB_Floor1,TypeC
1061,2025-04-12 00:42:39,15.24,47.38,BuildingB_Floor1,TypeB
1012,2025-04-11 03:12:30,31.55,39.09,BuildingA_Floor1,TypeA
1044,2025-04-10 03:32:08,30.11,53.42,BuildingA_Floor2,TypeC
1037,2025-04-11 13:43:41,23.36,69.54,BuildingA_Floor1,TypeA
1055,2025-04-07 15:21:52,21.94,79.29,BuildingA_Floor1,TypeC
1097,2025-04-08 03:32:21,27.83,76.92,BuildingB_Floor2,TypeB
1070,2025-04-11 06:05:18,34.15,42.24,BuildingB_Floor2,TypeA
1016,2025-04-10 18:35:10,33.92,57.48,BuildingB_Floor1,TypeA
1073,2025-04-11 19:15:01,25.44,54.81,BuildingA_Floor2,TypeA
1078,2025-04-11 01:06:46,17.97,73.49,BuildingA_Floor1,TypeC
1014,2025-04-10 09:25:31,22.4,72.01,BuildingA_Floor1,TypeA
1047,2025-04-09 11:27:00,32.89,31.46,BuildingB_Floor1,TypeB
1097,2025-04-10 16:40:23,22.56,57.56,BuildingB_Floor2,TypeB
1000,2025-04-11 19:10:00,31.38,47.27,BuildingA_Floor2,TypeC
1006,2025-04-07 05:29:14,28.06,72.29,BuildingA_Floor2,TypeC
1025,2025-04-11 20:46:19,30.45,74.95,BuildingB_Floor2,TypeA
1052,2025-04-09 17:02:00,34.74,55.19,BuildingA_Floor1,TypeB
1096,2025-04-07 04:12:56,23.86,53.93,BuildingA_Floor1,TypeA
1003,2025-04-07 21:08:19,21.18,51.62,BuildingA_Floor1,TypeC
1008,2025-04-08 14:25:21,34.75,78.11,BuildingB_Floor2,TypeB
1095,2025-04-07 11:48:28,18.63,30.91,BuildingB_Floor1,TypeA
1073,2025-04-09 09:42:23,22.1,41.23,BuildingA_Floor2,TypeA
1021,2025-04-11 03:46:59,18.96,49.48,BuildingA_Floor2,TypeA
1076,2025-04-08 14:48:40,24.66,71.21,BuildingB_Floor1,TypeB
1027,2025-04-10 02:38:26,21.35,38.19,BuildingB_Floor2,TypeB
1073,2025-04-09 12:50:34,26.61,58.21,BuildingA_Floor1,TypeA
1014,2025-04-11 13:37:58,18.6,46.72,BuildingB_Floor1,TypeA
1007,2025-04-10 17:17:43,18.01,39.18,BuildingA_Floor1,TypeA
1003,2025-04-08 20:07:21,18.47,78.89,BuildingA_Floor1,TypeA
1002,2025-04-10 08:12:08,30.07,30.76,BuildingB_Floor2,TypeA
1039,2025-04-08 22:07:15,21.46,65.64,BuildingB_Floor2,TypeC
1054,2025-04-10 03:45:28,34.16,38.29,BuildingB_Floor2,TypeB
1064,2025-04-08 08:45:41,32.39,68.63,BuildingB_Floor1,TypeC
1048,2025-04-09 01:57:12,28.44,78.9,BuildingA_Floor1,TypeC
1066,2025-04-09 18:41:42,19.95,70.16,BuildingB_Floor1,TypeC
1081,2025-04-09 01:54:23,26.44,78.85,BuildingB_Floor1,TypeB
1041,2025-04-09 15:17:25,18.22,32.9,BuildingA_Floor2,TypeC
1086,2025-04-07 23:39:16,21.76,58.14,BuildingB_Floor2,TypeA
1000,2025-04-10 18:03:28,25.64,49.09,BuildingA_Floor2,TypeA
1028,2025-04-09 15:21:15,17.43,37.61,BuildingA_Floor1,TypeC
1095,2025-04-11 00:33:08,28.62,40.1,BuildingA_Floor2,TypeA
1099,2025-04-07 23:48:55,34.85,62.57,BuildingB_Floor2,TypeA
1026,2025-04-07 23:35:20,32.8,39.63,BuildingB_Floor1,TypeA
1065,2025-04-08 05:22:21,27.2,68.54,BuildingA_Floor2,TypeB
1034,2025-04-09 07:05:47,33.69,71.63,BuildingB_Floor2,TypeC
1011,2025-04-09 07:26:42,26.58,77.8,BuildingB_Floor2,TypeA
1030,2025-04-07 04:28:27,20.73,66.97,BuildingA_Floor2,TypeC
1042,2025-04-07 18:18:17,20.91,70.25,BuildingB_Floor1,TypeA
1088,2025-04-07 13:32:48,29.28,32.04,BuildingA_Floor2,TypeA
1090,2025-04-08 10:09:25,19.98,43.04,BuildingA_Floor1,TypeA
1042,2025-04-07 16:41:33,21.11,55.14,BuildingB_Floor1,TypeC
1057,2025-04-08 02:03:24,31.52,55.67,BuildingA_Floor2,TypeA
1014,2025-04-09 20:58:35,31.35,55.69,BuildingB_Floor2,TypeA
1096,2025-04-10 01:10:19,18.08,46.38,BuildingB_Floor1,TypeB
1059,2025-04-11 00:56:30,16.15,67.76,BuildingA_Floor2,TypeA
1025,2025-04-11 04:03:04,34.19,50.84,BuildingA_Floor1,TypeA
1011,2025-04-12 00:45:50,26.12,54.81,BuildingA_Floor1,TypeA
1099,2025-04-08 02:12:47,21.68,57.52,BuildingA_Floor2,TypeB
1001,2025-04-08 23:39:25,25.25,64.12,BuildingA_Floor1,TypeC
1055,2025-04-11 09:01:01,15.56,34.55,BuildingA_Floor1,TypeB
1073,2025-04-10 10:22:03,28.04,42.08,BuildingB_Floor1,TypeB
1087,2025-04-11 01:36:03,34.02,58.8,BuildingB_Floor2,TypeB
1016,2025-04-09 14:51:48,32.9,61.86,BuildingB_Floor2,TypeB
1049,2025-04-10 17:26:50,22.56,42.45,BuildingB_Floor1,TypeC
1083,2025-04-09 10:25:32,34.07,34.49,BuildingB_Floor1,TypeB
1022,2025-04-11 22:44:19,27.89,78.27,BuildingB_Floor1,TypeC
1085,2025-04-09 15:48:07,34.56,65.46,BuildingA_Floor1,TypeA
1055,2025-04-07 02:36:08,20.49,72.4,BuildingB_Floor1,TypeB
1063,2025-04-09 14:45:33,28.78,46.03,BuildingA_Floor1,TypeC
1071,2025-04-09 10:49:59,16.83,58.0,BuildingB_Floor1,TypeC
1071,2025-04-11 13:01:14,28.58,35.49,BuildingB_Floor2,TypeC
1055,2025-04-09 16:12:21,34.82,69.57,BuildingB_Floor1,TypeA
1017,2025-04-08 08:29:26,22.67,63.18,BuildingB_Floor1,TypeC
1058,2025-04-08 00:05:35,16.06,33.41,BuildingB_Floor2,TypeC
1021,2025-04-11 10:43:21,16.47,48.87,BuildingB_Floor1,TypeC
1017,2025-04-09 03:39:44,32.65,61.49,BuildingB_Floor2,TypeA
1097,2025-04-08 08:14:50,19.73,68.58,BuildingB_Floor2,TypeC
1021,2025-04-08 09:36:57,24.59,54.45,BuildingA_Floor2,TypeC
1089,2025-04-08 08:55:53,26.27,37.7,BuildingA_Floor2,TypeC
1034,2025-04-09 01:53:48,24.01,40.29,BuildingB_Floor1,TypeA
1004,2025-04-09 19:11:02,22.5,62.61,BuildingB_Floor2,TypeB
1060,2025-04-08 22:14:04,19.9,63.11,BuildingB_Floor2,TypeC
1083,2025-04-10 08:48:00,16.91,69.17,BuildingB_Floor2,TypeC
1039,2025-04-09 06:44:43,34.88,58.66,BuildingA_Floor1,TypeB
1092,2025-04-07 22:55:51,25.83,64.35,BuildingB_Floor1,TypeB
1044,2025-04-08 18:18:53,30.49,51.94,BuildingA_Floor1,TypeC
1018,2025-04-08 07:03:46,16.38,30.52,BuildingB_Floor2,TypeB
1046,2025-04-10 21:05:51,32.41,40.78,BuildingB_Floor2,TypeB
1077,2025-04-08 14:33:33,21.94,34.96,BuildingB_Floor1,TypeB
1007,2025-04-08 23:13:27,17.52,73.75,BuildingA_Floor2,TypeC
1039,2025-04-08 15:02:04,28.0,68.76,BuildingA_Floor1,TypeC
1070,2025-04-11 17:41:54,25.7,56.76,BuildingB_Floor1,TypeC
1036,2025-04-07 20:13:12,17.62,78.75,BuildingB_Floor1,TypeB
1060,2025-04-09 06:24:32,20.04,74.04,BuildingA_Floor1,TypeB
1098,2025-04-07 07:45:10,31.68,70.17,BuildingB_Floor1,TypeB
1052,2025-04-07 13:35:36,32.99,77.93,BuildingA_Floor1,TypeB
1036,2025-04-09 21:17:24,33.34,57.04,BuildingB_Floor1,TypeB
1052,2025-04-10 09:08:42,34.69,42.7,BuildingB_Floor1,TypeB
1098,2025-04-11 21:07:45,25.04,69.03,BuildingB_Floor2,TypeC
1046,2025-04-07 04:33:25,34.44,69.54,BuildingB_Floor1,TypeC
1037,2025-04-08 10:19:23,32.6,39.0,BuildingB_Floor2,TypeA
1078,2025-04-07 23:40:20,27.32,71.0,BuildingA_Floor2,TypeB
1012,2025-04-09 16:55:33,19.57,78.35,BuildingA_Floor1,TypeC
1002,2025-04-11 06:29:50,33.47,68.81,BuildingA_Floor2,TypeA
1008,2025-04-08 12:45:36,17.63,38.31,BuildingA_Floor2,TypeB
1031,2025-04-09 17:50:59,26.13,54.55,BuildingA_Floor1,TypeC
1017,2025-04-07 22:56:27,32.43,62.18,BuildingB_Floor2,TypeB
1089,2025-04-09 08:33:04,19.11,34.92,BuildingA_Floor1,TypeB
1085,2025-04-08 10:49:23,26.23,44.38,BuildingA_Floor2,TypeC
1006,2025-04-07 09:39:38,25.95,46.95,BuildingB_Floor2,TypeA
1029,2025-04-09 08:04:52,19.86,75.96,BuildingA_Floor2,TypeC
1018,2025-04-11 09:46:43,34.0,35.03,BuildingA_Floor2,TypeB
1000,2025-04-09 22:52:30,24.8,48.77,BuildingA_Floor2,TypeB
1048,2025-04-07 16:44:00,19.06,78.1,BuildingA_Floor2,TypeA
1100,2025-04-10 12:21:11,22.33,71.97,BuildingA_Floor2,TypeA
1018,2025-04-08 11:35:26,24.47,70.66,BuildingA_Floor1,TypeC
1000,2025-04-07 13:48:07,21.21,54.63,BuildingA_Floor1,TypeA
1054,2025-04-07 13:20:15,32.43,66.73,BuildingB_Floor2,TypeB
1004,2025-04-10 11:50:00,34.65,53.19,BuildingB_Floor1,TypeA
1008,2025-04-07 07:47:47,20.62,49.54,BuildingA_Floor1,TypeC
1098,2025-04-08 05:17:12,24.56,38.36,BuildingA_Floor1,TypeC
1030,2025-04-10 18:47:36,20.06,61.79,BuildingA_Floor1,TypeC
1077,2025-04-08 02:59:54,21.97,65.02,BuildingB_Floor1,TypeB
1049,2025-04-07 13:25:50,31.44,54.85,BuildingB_Floor2,TypeC
1084,2025-04-07 22:27:40,28.1,65.02,BuildingB_Floor2,TypeB
1017,2025-04-11 13:39:17,22.73,56.6,BuildingA_Floor1,TypeC
1020,2025-04-10 17:11:36,30.49,70.53,BuildingB_Floor1,TypeA
1076,2025-04-10 08:37:37,29.29,76.84,BuildingB_Floor2,TypeA
1011,2025-04-08 06:56:21,31.11,70.72,BuildingB_Floor1,TypeA
1010,2025-04-08 18:37:13,22.33,48.03,BuildingB_Floor1,TypeB
1032,2025-04-09 00:10:32,33.33,41.11,BuildingA_Floor1,TypeA
1067,2025-04-09 05:18:22,15.57,60.08,BuildingA_Floor1,TypeC
1011,2025-04-10 18:21:26,34.13,32.54,BuildingB_Floor2,TypeA
1099,2025-04-07 07:08:28,25.68,42.79,BuildingB_Floor2,TypeA
1056,2025-04-10 00:55:37,25.16,49.52,BuildingA_Floor1,TypeA
1035,2025-04-11 21:27:24,32.53,40.37,BuildingA_Floor1,TypeA
1008,2025-04-11 16:28:56,18.01,46.05,BuildingB_Floor2,TypeC
1002,2025-04-11 13:21:47,15.71,65.01,BuildingA_Floor1,TypeA
1059,2025-04-09 12:03:12,18.44,78.87,BuildingB_Floor2,TypeB
1001,2025-04-07 18:35:38,24.52,31.63,BuildingA_Floor1,TypeB
1096,2025-04-07 09:05:33,24.2,55.42,BuildingA_Floor2,TypeC
1015,2025-04-09 20:43:38,31.93,53.35,BuildingA_Floor1,TypeC
1080,2025-04-09 11:54:43,27.4,36.62,BuildingA_Floor1,TypeB
1044,2025-04-10 11:49:31,34.77,56.48,BuildingA_Floor2,TypeC
1076,2025-04-10 07:24:57,15.38,73.54,BuildingA_Floor2,TypeC
1025,2025-04-09 04:46:32,25.18,41.89,BuildingB_Floor1,TypeB
1073,2025-04-10 12:16:03,20.08,64.95,BuildingA_Floor2,TypeA
1048,2025-04-09 01:52:50,34.96,53.26,BuildingA_Floor1,TypeB
1093,2025-04-10 05:28:40,27.5,55.89,BuildingB_Floor1,TypeC
1008,2025-04-11 04:35:16,21.52,66.66,BuildingB_Floor2,TypeB
1098,2025-04-09 06:41:19,15.06,67.48,BuildingB_Floor2,TypeB
1078,2025-04-08 23:54:53,24.19,64.3,BuildingA_Floor2,TypeA
1014,2025-04-07 17:08:34,31.55,52.7,BuildingA_Floor1,TypeA
1018,2025-04-09 10:46:32,22.73,77.3,BuildingA_Floor2,TypeB
1048,2025-04-08 15:20:16,30.26,41.27,BuildingB_Floor2,TypeC
1090,2025-04-09 04:49:58,25.48,34.39,BuildingA_Floor1,TypeC
1017,2025-04-11 08:32:25,29.19,76.59,BuildingA_Floor2,TypeB
1086,2025-04-07 03:06:39,32.91,50.97,BuildingB_Floor2,TypeC
1014,2025-04-11 21:06:55,24.94,54.51,BuildingB_Floor2,TypeC
1049,2025-04-07 11:03:42,24.12,61.62,BuildingA_Floor1,TypeA
1056,2025-04-09 02:07:09,20.82,58.18,BuildingB_Floor2,TypeA
1035,2025-04-10 15:25:37,34.37,43.21,BuildingB_Floor1,TypeA
1014,2025-04-08 23:33:05,34.01,66.98,BuildingA_Floor1,TypeB
1012,2025-04-10 10:01:40,16.49,36.98,BuildingB_Floor1,TypeB
1037,2025-04-07 13:55:02,34.66,51.92,BuildingA_Floor2,TypeA
1087,2025-04-07 16:24:35,19.23,60.71,BuildingB_Floor2,TypeA
1058,2025-04-10 13:07:45,24.82,50.37,BuildingA_Floor1,TypeA
1081,2025-04-10 11:47:15,29.14,53.56,BuildingA_Floor2,TypeA
1051,2025-04-11 22:01:30,23.94,79.7,BuildingB_Floor2,TypeA
1051,2025-04-07 15:29:35,33.62,41.46,BuildingA_Floor2,TypeC
1083,2025-04-07 23:39:21,24.19,45.25,BuildingA_Floor2,TypeA
1061,2025-04-08 07:58:10,27.17,45.58,BuildingB_Floor1,TypeA
1042,2025-04-10 00:31:15,23.7,39.2,BuildingB_Floor1,TypeC
1025,2025-04-09 20:28:12,16.73,56.76,BuildingA_Floor1,TypeC
1055,2025-04-11 14:34:49,34.18,45.11,BuildingB_Floor2,TypeB
1089,2025-04-07 18:48:27,21.48,67.3,BuildingA_Floor2,TypeB
1046,2025-04-08 02:54:06,26.87,65.95,BuildingA_Floor1,TypeB
1009,2025-04-11 08:51:09,26.43,64.7,BuildingA_Floor1,TypeA
1035,2025-04-07 07:14:15,16.91,40.89,BuildingB_Floor1,TypeA
1083,2025-04-09 06:08:20,17.08,43.96,BuildingA_Floor2,TypeC
1080,2025-04-11 07:30:00,29.21,68.19,BuildingB_Floor2,TypeB
1070,2025-04-10 07:34:16,32.76,34.92,BuildingA_Floor2,TypeB
1098,2025-04-11 09:14:03,29.86,69.11,BuildingA_Floor2,TypeC
1033,2025-04-11 00:16:09,25.41,64.92,BuildingB_Floor2,TypeC
1049,2025-04-12 00:37:50,28.55,51.7,BuildingA_Floor1,TypeC
1068,2025-04-12 00:32:46,34.84,65.84,BuildingA_Floor1,TypeC
1090,2025-04-08 04:14:45,32.29,30.75,BuildingB_Floor2,TypeC
1045,2025-04-10 05:41:28,22.36,61.2,BuildingA_Floor1,TypeB
1064,2025-04-11 07:10:56,29.31,30.29,BuildingB_Floor2,TypeB
1064,2025-04-09 04:56:07,19.02,72.1,BuildingB_Floor2,TypeB
1081,2025-04-09 15:35:22,20.17,52.76,BuildingA_Floor2,TypeC
1048,2025-04-10 01:01:53,19.59,69.39,BuildingA_Floor2,TypeB
1044,2025-04-11 10:01:43,33.58,56.44,BuildingA_Floor1,TypeA
1068,2025-04-11 03:26:22,33.66,64.56,BuildingB_Floor2,TypeA
1007,2025-04-09 13:56:49,33.98,55.28,BuildingB_Floor1,TypeC
1060,2025-04-07 06:04:35,25.57,68.61,BuildingB_Floor2,TypeC
1087,2025-04-07 06:24:36,32.38,41.27,BuildingB_Floor2,TypeA
1080,2025-04-08 19:22:26,21.85,64.85,BuildingA_Floor1,TypeA
1019,2025-04-09 12:35:04,32.45,54.49,BuildingB_Floor1,TypeA
1064,2025-04-08 04:11:06,16.87,53.75,BuildingA_Floor1,TypeB
1057,2025-04-07 11:57:27,34.19,76.9,BuildingB_Floor1,TypeC
1094,2025-04-11 05:35:23,16.21,56.3,BuildingA_Floor1,TypeC
1028,2025-04-10 16:46:23,31.79,63.18,BuildingB_Floor2,TypeC
1093,2025-04-07 07:01:50,15.08,77.67,BuildingA_Floor1,TypeA
1007,2025-04-12 01:34:24,28.24,66.46,BuildingB_Floor1,TypeA
1025,2025-04-09 08:10:05,16.84,51.35,BuildingA_Floor1,TypeB
1022,2025-04-08 04:08:05,30.55,61.69,BuildingA_Floor2,TypeC
1012,2025-04-09 17:35:42,18.78,43.24,BuildingA_Floor1,TypeB
1021,2025-04-10 15:18:49,34.26,78.38,BuildingA_Floor2,TypeB
1088,2025-04-10 06:42:59,17.35,76.63,BuildingA_Floor2,TypeC
1071,2025-04-08 06:56:19,33.83,53.53,BuildingA_Floor2,TypeA
1028,2025-04-09 13:15:05,21.97,42.38,BuildingA_Floor2,TypeC
1053,2025-04-07 22:17:19,28.66,66.95,BuildingB_Floor1,TypeC
1058,2025-04-11 19:23:31,23.29,40.8,BuildingB_Floor1,TypeB
1014,2025-04-10 10:03:49,27.82,79.45,BuildingB_Floor2,TypeB
1056,2025-04-09 16:01:35,19.28,58.88,BuildingB_Floor1,TypeA
1008,2025-04-07 21:42:02,21.77,69.56,BuildingA_Floor1,TypeA
1042,2025-04-11 06:16:55,29.37,44.14,BuildingB_Floor1,TypeC
1066,2025-04-08 08:23:46,19.12,67.59,BuildingB_Floor2,TypeC
1052,2025-04-10 09:49:57,21.44,54.03,BuildingA_Floor1,TypeB
1016,2025-04-07 19:46:28,24.22,55.82,BuildingA_Floor1,TypeC
1035,2025-04-11 20:57:51,22.55,30.61,BuildingA_Floor2,TypeB
1022,2025-04-08 14:20:13,30.53,72.25,BuildingA_Floor2,TypeA
1007,2025-04-07 05:41:52,34.61,60.67,BuildingB_Floor2,TypeA
1071,2025-04-07 10:26:53,33.19,62.98,BuildingB_Floor2,TypeC
1100,2025-04-10 09:22:52,31.35,44.11,BuildingB_Floor2,TypeB
1049,2025-04-11 06:23:58,15.24,79.8,BuildingB_Floor1,TypeB
1096,2025-04-11 01:31:51,34.55,30.99,BuildingB_Floor2,TypeA
1043,2025-04-09 08:24:41,23.94,70.42,BuildingB_Floor1,TypeC
1018,2025-04-08 05:02:32,21.89,33.7,BuildingB_Floor1,TypeB
1013,2025-04-11 12:43:17,33.18,30.75,BuildingB_Floor2,TypeC
1010,2025-04-09 18:56:11,17.84,55.62,BuildingA_Floor1,TypeC
1054,2025-04-09 05:23:31,16.4,64.36,BuildingB_Floor2,TypeB
1089,2025-04-12 00:45:05,18.67,68.25,BuildingB_Floor1,TypeC
1097,2025-04-08 23:55:59,15.82,77.71,BuildingB_Floor1,TypeC
1051,2025-04-11 22:13:43,29.87,40.01,BuildingB_Floor2,TypeC
1049,2025-04-08 18:43:39,34.09,73.92,BuildingB_Floor1,TypeB
1026,2025-04-08 09:09:53,23.79,33.54,BuildingB_Floor2,TypeC
1036,2025-04-09 14:56:55,23.33,54.81,BuildingB_Floor1,TypeC
1081,2025-04-08 22:18:09,23.31,51.1,BuildingB_Floor2,TypeA
1099,2025-04-08 20:45:26,32.72,63.03,BuildingB_Floor2,TypeC
1031,2025-04-11 09:12:49,32.97,33.05,BuildingA_Floor2,TypeC
1089,2025-04-07 02:54:38,21.56,63.58,BuildingA_Floor1,TypeA
1024,2025-04-10 20:14:21,29.98,43.29,BuildingA_Floor1,TypeA
1014,2025-04-12 00:29:44,29.68,66.29,BuildingB_Floor2,TypeC
1065,2025-04-08 14:34:48,22.93,30.99,BuildingA_Floor2,TypeB
1078,2025-04-10 00:25:16,20.71,64.58,BuildingA_Floor2,TypeA
1000,2025-04-07 13:42:15,31.41,54.75,BuildingB_Floor1,TypeA
1081,2025-04-09 22:05:56,24.24,53.97,BuildingA_Floor1,TypeB
1018,2025-04-11 11:28:02,15.61,45.33,BuildingB_Floor1,TypeC
1091,2025-04-07 03:25:59,28.62,37.8,BuildingA_Floor1,TypeB
1079,2025-04-10 11:10:37,31.81,56.28,BuildingA_Floor2,TypeB
1054,2025-04-11 08:47:32,30.65,74.02,BuildingB_Floor2,TypeC
1017,2025-04-11 13:42:58,30.13,45.94,BuildingA_Floor1,TypeA
1001,2025-04-08 01:30:24,21.33,57.2,BuildingB_Floor2,TypeB
1070,2025-04-07 05:24:24,17.76,62.26,BuildingA_Floor1,TypeB
1010,2025-04-07 12:10:37,33.15,72.32,BuildingA_Floor1,TypeA
1075,2025-04-11 10:46:13,19.36,71.64,BuildingB_Floor2,TypeA
1025,2025-04-09 02:35:51,29.51,53.76,BuildingA_Floor2,TypeA
1089,2025-04-10 19:33:43,18.79,32.28,BuildingB_Floor1,TypeC
1047,2025-04-10 18:00:53,32.03,63.4,BuildingB_Floor1,TypeA
1013,2025-04-09 02:25:09,34.11,73.66,BuildingA_Floor2,TypeB
1086,2025-04-11 04:25:57,30.65,60.21,BuildingB_Floor2,TypeC
1068,2025-04-10 14:27:43,21.31,61.0,BuildingB_Floor1,TypeB
1099,2025-04-07 07:25:00,21.86,38.43,BuildingA_Floor2,TypeC
1029,2025-04-08 18:48:11,16.12,37.63,BuildingA_Floor2,TypeC
1074,2025-04-09 12:10:48,27.7,75.13,BuildingB_Floor1,TypeA
1044,2025-04-09 09:07:30,25.78,74.53,BuildingB_Floor1,TypeB
1030,2025-04-07 06:35:14,17.83,47.35,BuildingB_Floor2,TypeB
1066,2025-04-08 14:50:03,31.43,47.35,BuildingB_Floor2,TypeB
1022,2025-04-11 12:19:50,22.48,56.55,BuildingA_Floor1,TypeB
1019,2025-04-11 13:21:56,18.57,41.85,BuildingA_Floor2,TypeC
1079,2025-04-11 19:34:31,17.25,48.09,BuildingA_Floor2,TypeA
1017,2025-04-08 08:22:49,15.75,49.88,BuildingB_Floor1,TypeB
1043,2025-04-10 23:05:42,16.34,62.83,BuildingA_Floor2,TypeC
1089,2025-04-08 02:46:36,29.25,48.04,BuildingA_Floor1,TypeB
1044,2025-04-08 17:15:36,28.99,76.42,BuildingB_Floor2,TypeC
1086,2025-04-09 10:28:00,27.59,43.03,BuildingA_Floor1,TypeB
1027,2025-04-09 05:10:30,24.69,66.15,BuildingB_Floor2,TypeB
1060,2025-04-08 06:57:37,31.46,51.21,BuildingB_Floor1,TypeA
1072,2025-04-11 05:49:38,31.97,31.23,BuildingB_Floor1,TypeB
1041,2025-04-08 08:07:07,23.5,79.21,BuildingA_Floor1,TypeB
1040,2025-04-11 02:20:35,19.18,56.99,BuildingA_Floor2,TypeC
1055,2025-04-08 14:12:50,31.34,71.47,BuildingB_Floor2,TypeC
1005,2025-04-08 23:16:50,26.16,71.65,BuildingB_Floor2,TypeC
1012,2025-04-10 08:13:57,28.37,61.21,BuildingA_Floor2,TypeA
1036,2025-04-11 14:22:30,25.71,77.6,BuildingB_Floor2,TypeA
1001,2025-04-08 07:49:41,25.34,58.56,BuildingB_Floor2,TypeB
1047,2025-04-10 19:30:54,25.65,38.17,BuildingB_Floor1,TypeA
1032,2025-04-10 17:31:25,29.14,61.67,BuildingA_Floor1,TypeB
1083,2025-04-10 01:23:31,30.38,31.26,BuildingA_Floor2,TypeC
1014,2025-04-09 11:35:37,34.41,72.04,BuildingB_Floor2,TypeC
1024,2025-04-11 14:36:23,33.92,77.48,BuildingB_Floor2,TypeC
1003,2025-04-07 08:00:46,24.14,78.32,BuildingB_Floor2,TypeC
1044,2025-04-11 09:07:05,26.09,41.54,BuildingB_Floor2,TypeC
1047,2025-04-08 02:38:57,34.89,42.62,BuildingB_Floor2,TypeB
1045,2025-04-09 15:55:03,28.28,39.49,BuildingA_Floor2,TypeA
1031,2025-04-08 20:03:41,20.54,44.52,BuildingB_Floor1,TypeA
1027,2025-04-09 21:49:05,34.64,30.39,BuildingB_Floor2,TypeB
1012,2025-04-11 13:24:10,21.61,32.97,BuildingB_Floor1,TypeA
1089,2025-04-10 08:49:47,18.44,78.51,BuildingA_Floor2,TypeC
1085,2025-04-11 14:07:38,32.89,74.65,BuildingA_Floor2,TypeB
1016,2025-04-09 00:50:00,25.98,40.56,BuildingB_Floor1,TypeC
1014,2025-04-09 08:35:45,30.09,53.4,BuildingB_Floor1,TypeC
1087,2025-04-10 06:46:45,24.3,56.97,BuildingA_Floor1,TypeA
1033,2025-04-07 03:59:14,25.59,55.99,BuildingB_Floor2,TypeC
1089,2025-04-07 18:44:50,27.03,60.61,BuildingB_Floor1,TypeA
1085,2025-04-08 04:29:39,31.9,73.64,BuildingA_Floor2,TypeC
1049,2025-04-10 00:37:54,33.93,36.52,BuildingA_Floor1,TypeB
1003,2025-04-10 08:20:23,31.36,62.97,BuildingB_Floor2,TypeC
1007,2025-04-11 14:28:04,26.85,34.57,BuildingB_Floor1,TypeB
1022,2025-04-09 20:53:45,24.38,58.54,BuildingA_Floor2,TypeA
1080,2025-04-11 09:32:36,24.68,49.58,BuildingA_Floor2,TypeC
1041,2025-04-10 16:02:59,27.54,30.51,BuildingB_Floor2,TypeC
1072,2025-04-08 19:16:31,22.19,53.0,BuildingA_Floor2,TypeC
1070,2025-04-07 17:39:38,22.83,54.14,BuildingB_Floor2,TypeC
1067,2025-04-11 07:06:09,22.48,75.17,BuildingB_Floor1,TypeC
1042,2025-04-11 23:20:47,15.43,42.82,BuildingB_Floor1,TypeB
1087,2025-04-08 23:33:51,16.54,59.62,BuildingB_Floor1,TypeB
1041,2025-04-08 08:42:46,32.34,45.43,BuildingB_Floor2,TypeA
1052,2025-04-09 20:14:11,22.92,54.01,BuildingB_Floor1,TypeA
1037,2025-04-11 07:05:55,32.85,77.77,BuildingA_Floor1,TypeB
1022,2025-04-08 09:24:15,21.99,41.53,BuildingB_Floor1,TypeB
1090,2025-04-09 05:28:03,16.23,66.77,BuildingB_Floor1,TypeB
1100,2025-04-09 22:40:06,29.12,65.25,BuildingA_Floor1,TypeB
1057,2025-04-08 03:14:29,25.33,78.79,BuildingA_Floor1,TypeC
1084,2025-04-09 11:05:02,16.56,46.08,BuildingA_Floor2,TypeA
1038,2025-04-10 03:44:52,34.97,33.13,BuildingA_Floor2,TypeA
1017,2025-04-11 13:36:09,19.33,47.53,BuildingB_Floor1,TypeA
1070,2025-04-08 12:58:31,29.65,72.9,BuildingA_Floor1,TypeC
1057,2025-04-09 14:38:45,30.4,41.41,BuildingB_Floor2,TypeA
1003,2025-04-12 00:18:31,33.23,49.88,BuildingB_Floor2,TypeC
1097,2025-04-07 07:53:08,32.04,53.6,BuildingB_Floor1,TypeB
1092,2025-04-08 22:00:10,25.06,40.54,BuildingA_Floor2,TypeC
1098,2025-04-10 14:41:21,31.54,77.03,BuildingB_Floor1,TypeB
1090,2025-04-07 19:36:29,22.98,43.27,BuildingA_Floor1,TypeA
1078,2025-04-11 13:05:56,23.13,54.31,BuildingA_Floor1,TypeC
1020,2025-04-11 08:10:22,21.04,58.33,BuildingB_Floor1,TypeA
1039,2025-04-09 07:17:47,17.64,50.86,BuildingA_Floor2,TypeA
1060,2025-04-11 02:37:28,32.53,41.2,BuildingB_Floor1,TypeB
1076,2025-04-10 05:59:33,30.78,79.64,BuildingA_Floor1,TypeA
1052,2025-04-11 01:44:06,21.6,47.86,BuildingB_Floor1,TypeC
1088,2025-04-08 06:25:01,31.12,74.07,BuildingA_Floor2,TypeB
1067,2025-04-08 20:48:41,26.87,65.95,BuildingB_Floor2,TypeA
1060,2025-04-10 00:25:24,29.17,70.74,BuildingB_Floor1,TypeA
1061,2025-04-09 00:07:54,27.82,70.83,BuildingA_Floor2,TypeA
1093,2025-04-10 23:50:26,18.01,76.44,BuildingB_Floor1,TypeB
1061,2025-04-11 13:16:07,22.79,68.61,BuildingB_Floor1,TypeC
1044,2025-04-09 01:28:26,23.12,62.1,BuildingB_Floor2,TypeC
1084,2025-04-09 18:07:25,20.68,43.11,BuildingA_Floor2,TypeA
1063,2025-04-10 19:33:18,19.4,43.98,BuildingB_Floor1,TypeB
1022,2025-04-08 03:44:16,33.95,56.43,BuildingA_Floor2,TypeB
1014,2025-04-08 09:18:00,30.21,36.25,BuildingB_Floor2,TypeA
1090,2025-04-09 10:30:50,27.32,45.4,BuildingA_Floor2,TypeB
1050,2025-04-11 05:06:40,31.17,58.44,BuildingA_Floor2,TypeB
1049,2025-04-07 21:48:04,30.89,78.7,BuildingB_Floor1,TypeC
1050,2025-04-08 19:44:27,15.38,30.79,BuildingA_Floor1,TypeB
1070,2025-04-10 00:56:51,22.64,50.25,BuildingA_Floor2,TypeA
1083,2025-04-07 05:22:20,31.25,46.84,BuildingA_Floor2,TypeB
1025,2025-04-11 07:50:31,25.52,66.21,BuildingB_Floor1,TypeA
1048,2025-04-11 18:18:49,32.78,64.54,BuildingB_Floor1,TypeB
1045,2025-04-10 05:31:14,21.85,51.59,BuildingA_Floor2,TypeC
1053,2025-04-07 02:28:35,23.94,62.92,BuildingA_Floor2,TypeC
1061,2025-04-08 00:34:33,17.21,69.63,BuildingA_Floor1,TypeB
1015,2025-04-11 11:33:16,18.81,58.97,BuildingB_Floor1,TypeC
1040,2025-04-11 18:00:37,27.39,65.83,BuildingA_Floor1,TypeA
1089,2025-04-09 01:51:52,25.3,50.45,BuildingB_Floor2,TypeB
1061,2025-04-10 06:14:05,17.14,75.33,BuildingB_Floor2,TypeA
1046,2025-04-09 21:15:52,19.24,53.99,BuildingA_Floor2,TypeC
1040,2025-04-10 08:17:16,32.5,48.5,BuildingB_Floor1,TypeC
1057,2025-04-09 14:39:38,34.81,72.98,BuildingB_Floor1,TypeB
1070,2025-04-08 03:00:52,27.71,78.0,BuildingB_Floor2,TypeA
1049,2025-04-08 06:41:05,21.3,73.48,BuildingB_Floor1,TypeB
1067,2025-04-11 03:08:15,29.32,71.27,BuildingB_Floor1,TypeB
1028,2025-04-09 20:27:22,18.91,37.01,BuildingB_Floor1,TypeB
1023,2025-04-11 10:46:35,17.98,77.27,BuildingB_Floor1,TypeB
1070,2025-04-10 17:58:51,15.08,37.42,BuildingB_Floor2,TypeB
1070,2025-04-11 18:42:47,16.46,55.41,BuildingA_Floor1,TypeA
1031,2025-04-11 08:30:38,24.47,40.85,BuildingB_Floor1,TypeA
1052,2025-04-10 18:40:27,21.08,74.21,BuildingA_Floor2,TypeB
1053,2025-04-11 14:19:08,30.71,76.34,BuildingB_Floor1,TypeA
1024,2025-04-09 00:48:02,21.55,37.98,BuildingA_Floor1,TypeA
1034,2025-04-08 21:19:58,18.58,63.44,BuildingA_Floor1,TypeA
1053,2025-04-09 15:59:03,34.75,31.78,BuildingA_Floor1,TypeC
1091,2025-04-11 18:46:21,17.26,61.2,BuildingA_Floor2,TypeA
1066,2025-04-07 05:44:50,21.0,53.31,BuildingA_Floor1,TypeC
1041,2025-04-07 08:34:40,33.15,47.7,BuildingB_Floor2,TypeB
1081,2025-04-11 09:19:08,20.2,65.47,BuildingB_Floor2,TypeA
1033,2025-04-08 18:00:27,18.87,40.28,BuildingA_Floor2,TypeA
1060,2025-04-08 15:03:03,27.79,61.88,BuildingA_Floor1,TypeC
1044,2025-04-09 14:43:28,19.91,51.85,BuildingA_Floor1,TypeB
1011,2025-04-09 15:15:00,27.35,66.16,BuildingA_Floor2,TypeA
1097,2025-04-11 17:06:23,34.3,47.25,BuildingA_Floor2,TypeC
1062,2025-04-07 12:47:42,26.19,35.02,BuildingA_Floor2,TypeB
1015,2025-04-07 17:17:42,24.5,67.0,BuildingB_Floor2,TypeB
1092,2025-04-10 17:26:39,31.84,36.07,BuildingB_Floor2,TypeC
1099,2025-04-11 20:09:27,22.77,34.56,BuildingB_Floor2,TypeB
1001,2025-04-07 17:16:10,32.74,43.04,BuildingA_Floor2,TypeC
1015,2025-04-09 00:50:51,30.29,50.28,BuildingB_Floor2,TypeB
1089,2025-04-08 20:10:09,31.17,65.62,BuildingA_Floor1,TypeC
1085,2025-04-11 15:43:41,17.53,59.74,BuildingA_Floor2,TypeB
1070,2025-04-07 21:28:23,15.91,68.23,BuildingB_Floor2,TypeB
1081,2025-04-08 16:11:48,22.99,52.72,BuildingB_Floor2,TypeC
1004,2025-04-10 02:54:50,32.87,58.47,BuildingA_Floor1,TypeC
1093,2025-04-09 22:44:28,24.42,59.09,BuildingB_Floor1,TypeC
1019,2025-04-11 00:11:12,31.01,49.86,BuildingA_Floor2,TypeA
1062,2025-04-10 12:21:37,20.35,77.77,BuildingA_Floor1,TypeB
1032,2025-04-11 11:07:37,20.53,40.53,BuildingA_Floor1,TypeB
1065,2025-04-09 02:04:16,34.24,55.96,BuildingB_Floor1,TypeA
1022,2025-04-11 11:33:01,23.18,74.28,BuildingB_Floor1,TypeA
1040,2025-04-10 21:44:25,28.12,58.62,BuildingA_Floor1,TypeA
1069,2025-04-08 17:26:59,30.98,38.11,BuildingA_Floor2,TypeC
1040,2025-04-09 02:06:40,16.76,78.63,BuildingB_Floor2,TypeA
1056,2025-04-09 21:48:49,19.12,38.97,BuildingA_Floor2,TypeC
1053,2025-04-11 10:07:32,24.76,31.6,BuildingB_Floor2,TypeC
1004,2025-04-08 09:49:16,27.68,70.33,BuildingB_Floor1,TypeC
1064,2025-04-07 10:39:16,34.17,61.61,BuildingB_Floor2,TypeC
1073,2025-04-08 19:33:58,20.78,58.8,BuildingA_Floor1,TypeB
1027,2025-04-09 06:23:55,18.51,57.96,BuildingB_Floor1,TypeA
1080,2025-04-11 23:30:51,28.03,69.65,BuildingB_Floor2,TypeB
1060,2025-04-07 11:09:31,19.46,47.62,BuildingA_Floor2,TypeB
1021,2025-04-07 02:27:17,18.32,56.56,BuildingA_Floor2,TypeB
1043,2025-04-09 01:13:34,24.73,74.21,BuildingB_Floor2,TypeA
1019,2025-04-10 21:29:03,25.57,30.54,BuildingB_Floor2,TypeC
1017,2025-04-08 09:12:28,26.36,43.3,BuildingA_Floor2,TypeC
1074,2025-04-10 09:23:31,26.62,36.71,BuildingA_Floor1,TypeB
1049,2025-04-09 14:22:10,22.83,47.57,BuildingB_Floor2,TypeB
1021,2025-04-09 19:12:40,25.52,53.93,BuildingB_Floor2,TypeA
1031,2025-04-08 06:11:24,17.46,73.95,BuildingB_Floor1,TypeA
1091,2025-04-09 01:04:11,20.97,39.58,BuildingB_Floor2,TypeC
1054,2025-04-09 13:08:41,23.09,68.52,BuildingA_Floor1,TypeA
1020,2025-04-08 19:10:27,23.91,45.1,BuildingA_Floor1,TypeC
1033,2025-04-10 07:38:58,23.36,47.42,BuildingB_Floor1,TypeC
1086,2025-04-11 11:59:49,21.02,67.68,BuildingB_Floor1,TypeB
1063,2025-04-08 10:32:13,31.18,55.4,BuildingB_Floor1,TypeA
1064,2025-04-10 11:37:57,27.81,77.02,BuildingA_Floor1,TypeC
1071,2025-04-09 10:34:24,26.04,69.02,BuildingA_Floor2,TypeB
1077,2025-04-09 00:36:32,26.5,71.65,BuildingB_Floor1,TypeC
1091,2025-04-11 15:07:18,23.58,47.35,BuildingB_Floor1,TypeB
1052,2025-04-09 06:20:37,22.64,55.66,BuildingB_Floor2,TypeA
1058,2025-04-07 19:13:04,24.29,63.99,BuildingA_Floor2,TypeC
1055,2025-04-09 15:52:25,33.49,38.59,BuildingB_Floor2,TypeB
1008,2025-04-10 05:56:21,33.91,49.46,BuildingB_Floor1,TypeB
1009,2025-04-08 21:19:57,21.07,50.94,BuildingB_Floor2,TypeC
1097,2025-04-09 14:33:54,16.21,63.56,BuildingB_Floor1,TypeC
1011,2025-04-08 09:40:47,32.66,51.85,BuildingB_Floor2,TypeC
1065,2025-04-08 19:13:31,17.89,49.84,BuildingB_Floor2,TypeB
1086,2025-04-08 05:11:19,22.71,72.45,BuildingB_Floor2,TypeC
1067,2025-04-07 12:03:07,28.96,75.85,BuildingB_Floor1,TypeC
1056,2025-04-08 08:45:41,21.71,34.56,BuildingB_Floor2,TypeA
1041,2025-04-08 13:08:53,28.17,64.94,BuildingA_Floor2,TypeA
1060,2025-04-10 19:10:42,27.48,59.84,BuildingB_Floor1,TypeA
1083,2025-04-09 09:33:15,18.18,71.87,BuildingB_Floor1,TypeA
1025,2025-04-07 22:30:23,18.21,59.34,BuildingB_Floor1,TypeB
1077,2025-04-11 00:31:39,23.49,73.41,BuildingB_Floor2,TypeB
1098,2025-04-10 12:21:31,20.49,61.72,BuildingB_Floor1,TypeC
1019,2025-04-08 06:23:32,34.38,47.48,BuildingA_Floor1,TypeC
1068,2025-04-09 17:30:57,23.54,48.68,BuildingA_Floor1,TypeB
1032,2025-04-08 02:10:45,16.53,65.36,BuildingB_Floor2,TypeC
1016,2025-04-10 21:20:30,20.68,67.64,BuildingA_Floor2,TypeC
1076,2025-04-09 19:07:55,32.86,44.75,BuildingB_Floor2,TypeB
1061,2025-04-09 14:47:44,26.16,46.98,BuildingB_Floor1,TypeA
1098,2025-04-11 06:00:54,30.23,39.23,BuildingB_Floor2,TypeA
1040,2025-04-10 04:22:40,33.96,37.9,BuildingA_Floor1,TypeA
1055,2025-04-08 23:13:00,23.08,62.61,BuildingA_Floor1,TypeC
1016,2025-04-10 05:42:07,25.15,56.91,BuildingB_Floor1,TypeB
1083,2025-04-09 05:18:30,21.44,54.25,BuildingB_Floor2,TypeB
1098,2025-04-08 22:03:35,28.72,50.07,BuildingB_Floor1,TypeB
1097,2025-04-08 22:32:08,32.42,38.35,BuildingA_Floor2,TypeB
1007,2025-04-09 18:20:15,21.67,48.04,BuildingB_Floor2,TypeB
1026,2025-04-10 19:32:49,27.12,54.29,BuildingA_Floor2,TypeA
1045,2025-04-11 15:07:16,17.25,60.48,BuildingA_Floor1,TypeB
1068,2025-04-07 05:20:26,24.2,71.36,BuildingA_Floor2,TypeB
1028,2025-04-09 14:24:51,15.48,51.11,BuildingB_Floor2,TypeA
1039,2025-04-08 16:19:04,29.9,61.83,BuildingB_Floor2,TypeA
1039,2025-04-11 22:06:28,32.86,68.91,BuildingB_Floor2,TypeB
1077,2025-04-07 03:12:37,22.26,68.86,BuildingB_Floor1,TypeB
1018,2025-04-10 07:30:27,18.98,44.76,BuildingA_Floor2,TypeC
1011,2025-04-09 04:48:27,23.64,61.42,BuildingB_Floor1,TypeC
1077,2025-04-10 19:20:05,15.92,72.79,BuildingB_Floor1,TypeC
1089,2025-04-10 00:25:08,20.89,46.02,BuildingA_Floor2,TypeB
1057,2025-04-09 21:53:11,24.83,71.15,BuildingB_Floor1,TypeB
1069,2025-04-11 19:48:08,15.38,53.77,BuildingA_Floor1,TypeC
1014,2025-04-08 23:11:56,27.96,48.72,BuildingA_Floor2,TypeA
1014,2025-04-08 21:35:58,20.29,78.32,BuildingA_Floor2,TypeC
1026,2025-04-10 21:00:04,15.29,69.72,BuildingA_Floor2,TypeA
1034,2025-04-11 19:07:08,28.19,47.45,BuildingB_Floor2,TypeA
1014,2025-04-10 23:19:01,16.83,67.75,BuildingB_Floor1,TypeB
1097,2025-04-09 12:58:55,17.28,42.21,BuildingB_Floor1,TypeC
1027,2025-04-08 09:52:51,24.29,78.25,BuildingA_Floor2,TypeB
1064,2025-04-11 17:52:11,30.2,65.56,BuildingA_Floor1,TypeC
1038,2025-04-09 20:08:59,25.18,72.18,BuildingB_Floor1,TypeC
1001,2025-04-07 20:32:17,26.04,73.74,BuildingA_Floor1,TypeC
1045,2025-04-07 15:08:17,21.8,63.61,BuildingB_Floor2,TypeC
1021,2025-04-11 14:30:39,30.81,38.39,BuildingB_Floor2,TypeA
1083,2025-04-08 14:21:34,31.9,37.99,BuildingB_Floor1,TypeC
1040,2025-04-08 03:43:50,15.82,55.36,BuildingA_Floor2,TypeC
1096,2025-04-08 04:09:06,21.29,56.03,BuildingB_Floor1,TypeA
1081,2025-04-09 03:59:58,26.83,33.5,BuildingB_Floor1,TypeC
1047,2025-04-07 09:35:42,18.15,76.29,BuildingA_Floor1,TypeB
1050,2025-04-10 12:10:37,32.81,42.71,BuildingB_Floor1,TypeC
1002,2025-04-11 16:45:02,33.37,48.27,BuildingB_Floor1,TypeA
1060,2025-04-09 05:44:09,23.91,66.57,BuildingB_Floor2,TypeA
1034,2025-04-10 11:29:30,26.03,43.65,BuildingB_Floor2,TypeB
1093,2025-04-10 09:41:51,33.47,61.22,BuildingA_Floor1,TypeC
1071,2025-04-08 18:24:09,27.34,34.1,BuildingA_Floor1,TypeB
1037,2025-04-09 04:45:40,27.08,41.92,BuildingB_Floor2,TypeA
1017,2025-04-11 22:16:08,15.31,77.43,BuildingA_Floor2,TypeB
1090,2025-04-07 02:49:11,27.85,77.32,BuildingA_Floor2,TypeC
1056,2025-04-08 14:02:54,34.79,78.2,BuildingA_Floor1,TypeC
1031,2025-04-08 08:09:33,30.87,40.27,BuildingA_Floor1,TypeB
1026,2025-04-08 20:27:18,19.91,71.4,BuildingB_Floor2,TypeC
1077,2025-04-10 15:51:33,26.22,58.61,BuildingB_Floor1,TypeC
1035,2025-04-11 12:52:03,29.15,71.41,BuildingB_Floor2,TypeA
1010,2025-04-11 23:48:17,30.66,40.56,BuildingB_Floor1,TypeA
1045,2025-04-07 10:24:35,20.58,50.85,BuildingB_Floor2,TypeB
1100,2025-04-07 01:54:11,18.43,38.33,BuildingB_Floor1,TypeB
1054,2025-04-11 23:02:05,19.7,49.98,BuildingA_Floor1,TypeB
1097,2025-04-09 09:18:22,33.55,61.76,BuildingB_Floor1,TypeC
1075,2025-04-10 14:53:26,19.48,51.82,BuildingB_Floor2,TypeA
1092,2025-04-11 01:47:09,31.91,67.37,BuildingA_Floor2,TypeA
1053,2025-04-10 12:00:14,27.4,40.7,BuildingA_Floor2,TypeB
1058,2025-04-11 21:45:54,28.56,50.15,BuildingB_Floor1,TypeB
1094,2025-04-07 11:43:44,23.03,31.46,BuildingB_Floor2,TypeC
1028,2025-04-11 01:45:57,20.29,40.63,BuildingA_Floor1,TypeA
1019,2025-04-08 23:44:56,26.93,64.27,BuildingA_Floor1,TypeA
1098,2025-04-09 19:35:34,18.84,30.81,BuildingA_Floor1,TypeB
1039,2025-04-08 08:41:32,16.53,43.46,BuildingA_Floor2,TypeA
1011,2025-04-11 04:07:23,29.07,38.94,BuildingA_Floor1,TypeB
1035,2025-04-12 00:03:06,23.36,69.23,BuildingB_Floor1,TypeB
1003,2025-04-07 05:29:59,24.13,73.81,BuildingB_Floor2,TypeA
1037,2025-04-11 09:13:51,18.99,40.49,BuildingA_Floor2,TypeB
1039,2025-04-10 04:52:34,24.59,68.66,BuildingB_Floor2,TypeC
1035,2025-04-10 15:49:01,17.26,78.97,BuildingA_Floor2,TypeA
1067,2025-04-11 12:05:36,34.63,32.17,BuildingB_Floor1,TypeC
1057,2025-04-08 17:53:30,32.97,44.16,BuildingA_Floor2,TypeB
1059,2025-04-09 21:43:48,19.39,66.08,BuildingB_Floor2,TypeC
1048,2025-04-09 07:32:05,18.58,53.83,BuildingA_Floor2,TypeC
1071,2025-04-11 11:45:32,17.57,44.82,BuildingA_Floor1,TypeB
1083,2025-04-12 01:17:17,17.17,65.59,BuildingA_Floor2,TypeB
1054,2025-04-10 12:22:22,18.55,58.06,BuildingB_Floor2,TypeC
1035,2025-04-11 02:45:04,20.18,52.12,BuildingA_Floor2,TypeC
1021,2025-04-07 20:22:52,22.19,44.58,BuildingB_Floor1,TypeB
1072,2025-04-11 19:00:33,31.21,39.51,BuildingB_Floor1,TypeC
1084,2025-04-11 08:31:34,31.02,50.24,BuildingA_Floor2,TypeB
1003,2025-04-07 21:39:37,28.67,76.53,BuildingA_Floor1,TypeC
1017,2025-04-08 11:57:00,30.32,70.89,BuildingA_Floor1,TypeA
1048,2025-04-10 00:49:25,32.15,51.81,BuildingA_Floor2,TypeC
1037,2025-04-08 17:29:08,29.04,32.81,BuildingA_Floor1,TypeA
1085,2025-04-10 03:56:56,18.02,37.2,BuildingA_Floor1,TypeC
1020,2025-04-09 04:48:33,24.27,47.63,BuildingA_Floor1,TypeB
1042,2025-04-07 21:04:39,21.88,59.47,BuildingA_Floor1,TypeA
1054,2025-04-10 19:18:44,24.36,53.31,BuildingB_Floor2,TypeA
1026,2025-04-10 16:39:47,32.12,78.27,BuildingA_Floor2,TypeB
1093,2025-04-10 17:00:43,26.86,39.51,BuildingA_Floor2,TypeC
1000,2025-04-10 03:43:01,19.39,37.57,BuildingA_Floor2,TypeA
1024,2025-04-07 23:31:40,22.56,76.11,BuildingB_Floor1,TypeC
1021,2025-04-10 21:17:23,16.44,45.43,BuildingA_Floor2,TypeC
1085,2025-04-10 08:12:48,27.27,68.65,BuildingB_Floor1,TypeA
1038,2025-04-08 23:54:01,22.89,79.3,BuildingA_Floor1,TypeC
1090,2025-04-09 07:50:09,26.87,43.83,BuildingB_Floor2,TypeB
1074,2025-04-11 14:04:50,17.45,69.25,BuildingA_Floor2,TypeB
1052,2025-04-09 08:52:54,17.92,54.5,BuildingB_Floor2,TypeC
1055,2025-04-10 09:33:18,32.66,33.39,BuildingA_Floor2,TypeC
1085,2025-04-09 23:46:27,25.54,73.56,BuildingB_Floor2,TypeB
1044,2025-04-11 04:01:29,27.63,45.72,BuildingA_Floor2,TypeA
1043,2025-04-07 13:31:56,27.74,30.14,BuildingB_Floor1,TypeA
1023,2025-04-10 12:47:38,30.83,58.42,BuildingA_Floor2,TypeB
1100,2025-04-12 00:04:38,21.42,32.39,BuildingB_Floor2,TypeA
1009,2025-04-10 19:37:13,28.79,68.29,BuildingA_Floor2,TypeA
1088,2025-04-07 22:28:47,19.66,48.02,BuildingA_Floor1,TypeB
1028,2025-04-07 21:56:13,33.64,42.25,BuildingB_Floor2,TypeA
1010,2025-04-11 10:09:17,28.79,79.16,BuildingA_Floor2,TypeB
1099,2025-04-10 00:32:58,23.34,55.35,BuildingB_Floor1,TypeA
1062,2025-04-08 22:59:58,15.95,55.54,BuildingA_Floor2,TypeA
1034,2025-04-10 14:27:38,16.1,39.18,BuildingA_Floor2,TypeA
1043,2025-04-11 17:50:51,34.9,52.05,BuildingA_Floor1,TypeA
1073,2025-04-11 02:12:07,30.14,59.44,BuildingA_Floor2,TypeA
1048,2025-04-10 02:04:30,29.9,74.47,BuildingB_Floor1,TypeC
1011,2025-04-11 22:18:27,17.62,72.47,BuildingA_Floor2,TypeC
1014,2025-04-11 23:51:32,32.31,38.13,BuildingB_Floor2,TypeA
1068,2025-04-08 12:46:14,24.42,70.54,BuildingB_Floor2,TypeB
1005,2025-04-09 05:37:55,30.68,54.08,BuildingB_Floor2,TypeA
1046,2025-04-07 20:51:55,24.32,63.06,BuildingB_Floor1,TypeC
1096,2025-04-10 00:52:44,18.64,68.8,BuildingB_Floor1,TypeA
1024,2025-04-08 08:34:54,28.68,33.5,BuildingB_Floor1,TypeA
1059,2025-04-08 20:06:14,32.92,32.75,BuildingA_Floor1,TypeA
1023,2025-04-09 00:49:50,18.19,30.81,BuildingA_Floor2,TypeC
1000,2025-04-08 13:15:24,15.58,32.3,BuildingA_Floor1,TypeA
1072,2025-04-10 02:23:16,28.11,60.13,BuildingB_Floor1,TypeC
1083,2025-04-10 04:15:38,26.31,61.76,BuildingA_Floor2,TypeB
1098,2025-04-08 06:58:37,31.44,75.02,BuildingB_Floor2,TypeC
1086,2025-04-09 09:10:26,24.22,60.23,BuildingA_Floor2,TypeC
1077,2025-04-10 08:27:25,19.2,40.08,BuildingA_Floor2,TypeC
1009,2025-04-09 05:10:07,19.6,46.03,BuildingA_Floor2,TypeC
1085,2025-04-10 17:37:58,19.87,74.56,BuildingA_Floor2,TypeA
1042,2025-04-10 04:43:16,26.29,43.24,BuildingA_Floor2,TypeB
1039,2025-04-11 12:06:44,19.27,62.36,BuildingA_Floor2,TypeC
1080,2025-04-07 02:05:19,17.18,37.49,BuildingA_Floor1,TypeA
1000,2025-04-08 00:17:38,26.56,33.63,BuildingB_Floor1,TypeC
1086,2025-04-10 03:56:10,30.2,69.3,BuildingB_Floor2,TypeC
1096,2025-04-09 17:24:48,33.4,42.91,BuildingA_Floor2,TypeA
1063,2025-04-11 11:37:45,34.04,70.28,BuildingA_Floor2,TypeA
1003,2025-04-10 19:18:56,24.78,50.68,BuildingB_Floor1,TypeA
1002,2025-04-09 22:20:39,21.22,53.44,BuildingB_Floor2,TypeA
1029,2025-04-11 14:56:56,17.26,31.27,BuildingB_Floor2,TypeC
1098,2025-04-11 03:58:19,23.83,40.4,BuildingA_Floor1,TypeB
1004,2025-04-08 15:32:58,22.32,44.39,BuildingB_Floor2,TypeA
1071,2025-04-09 03:44:23,25.73,41.05,BuildingB_Floor1,TypeB
1097,2025-04-11 23:20:39,18.96,76.78,BuildingB_Floor2,TypeB
1092,2025-04-11 07:08:16,21.79,67.4,BuildingA_Floor2,TypeC
1032,2025-04-09 09:32:02,33.62,69.97,BuildingB_Floor1,TypeC
1074,2025-04-11 18:30:45,21.29,50.29,BuildingB_Floor1,TypeA
1095,2025-04-10 07:22:16,20.41,42.41,BuildingA_Floor1,TypeA
1049,2025-04-09 06:51:29,19.98,63.35,BuildingA_Floor1,TypeC
1007,2025-04-12 00:52:39,20.33,75.02,BuildingA_Floor1,TypeC
1066,2025-04-07 08:56:19,31.29,62.38,BuildingB_Floor1,TypeC
1099,2025-04-10 10:29:27,18.85,59.48,BuildingA_Floor1,TypeA
1053,2025-04-07 09:22:25,16.18,48.99,BuildingA_Floor1,TypeB
1053,2025-04-08 14:14:08,31.85,37.79,BuildingB_Floor2,TypeA
1084,2025-04-07 08:37:28,17.62,31.04,BuildingB_Floor2,TypeC
1081,2025-04-11 13:31:44,16.9,51.62,BuildingB_Floor1,TypeC
1048,2025-04-10 18:41:02,16.99,70.02,BuildingB_Floor1,TypeC
1075,2025-04-08 01:49:51,25.82,48.4,BuildingB_Floor2,TypeA
1080,2025-04-10 19:11:50,20.91,51.91,BuildingA_Floor2,TypeB
1082,2025-04-12 00:18:59,27.49,33.08,BuildingB_Floor2,TypeC
1081,2025-04-11 01:35:13,16.27,48.38,BuildingB_Floor2,TypeA
1006,2025-04-11 20:55:15,17.66,58.4,BuildingB_Floor1,TypeB
1005,2025-04-07 07:44:25,18.99,72.37,BuildingA_Floor1,TypeC
1080,2025-04-08 04:08:50,25.4,43.29,BuildingB_Floor1,TypeB
1030,2025-04-08 09:46:22,28.19,33.92,BuildingB_Floor1,TypeC
1086,2025-04-07 17:56:03,22.25,65.76,BuildingA_Floor2,TypeB
1004,2025-04-11 21:14:36,20.18,56.74,BuildingB_Floor1,TypeC
1019,2025-04-07 16:47:03,25.92,31.16,BuildingB_Floor2,TypeB
1058,2025-04-08 17:56:31,17.43,34.45,BuildingB_Floor1,TypeA
1010,2025-04-07 03:26:50,29.73,68.31,BuildingB_Floor2,TypeA
1090,2025-04-11 17:34:31,23.01,68.74,BuildingB_Floor2,TypeA
1100,2025-04-08 03:24:21,16.19,37.83,BuildingB_Floor1,TypeC
1061,2025-04-10 13:21:14,23.69,35.93,BuildingA_Floor1,TypeB
1067,2025-04-11 03:12:35,17.72,58.19,BuildingA_Floor2,TypeA
1041,2025-04-07 03:22:22,23.13,75.78,BuildingB_Floor2,TypeB
1065,2025-04-10 23:21:04,23.22,43.9,BuildingB_Floor2,TypeB
1031,2025-04-07 07:29:13,29.19,77.36,BuildingB_Floor2,TypeA
1001,2025-04-10 23:35:27,18.84,71.0,BuildingA_Floor2,TypeB
1039,2025-04-11 00:30:01,24.94,31.43,BuildingB_Floor2,TypeA
1006,2025-04-12 00:51:51,20.45,77.25,BuildingA_Floor1,TypeB
1075,2025-04-10 12:48:02,24.3,77.29,BuildingA_Floor1,TypeA
1024,2025-04-08 16:17:20,34.79,56.45,BuildingB_Floor1,TypeA
1042,2025-04-07 22:12:14,23.25,68.59,BuildingB_Floor1,TypeC
1070,2025-04-11 22:13:48,26.56,58.48,BuildingA_Floor1,TypeC
1082,2025-04-08 03:00:48,15.4,33.06,BuildingB_Floor1,TypeC
1002,2025-04-08 08:24:31,19.93,32.81,BuildingB_Floor2,TypeC
1019,2025-04-09 05:27:28,34.59,37.84,BuildingA_Floor1,TypeB
1024,2025-04-09 01:46:54,24.41,39.39,BuildingB_Floor1,TypeC
1036,2025-04-09 15:28:35,23.7,31.83,BuildingA_Floor2,TypeB
1058,2025-04-11 23:04:31,25.84,77.48,BuildingA_Floor1,TypeC
1030,2025-04-08 14:48:18,20.88,31.8,BuildingA_Floor2,TypeB
1041,2025-04-09 06:47:30,33.09,46.5,BuildingB_Floor2,TypeB
1083,2025-04-09 06:32:14,24.62,31.49,BuildingA_Floor1,TypeC
1042,2025-04-08 23:43:10,24.16,38.17,BuildingA_Floor2,TypeC
1046,2025-04-07 04:35:56,21.62,64.74,BuildingB_Floor2,TypeB
1047,2025-04-09 03:41:50,31.89,66.82,BuildingA_Floor2,TypeB
1047,2025-04-10 09:13:22,15.89,62.34,BuildingA_Floor1,TypeC
1078,2025-04-07 23:30:36,30.17,77.8,BuildingA_Floor1,TypeC
1065,2025-04-11 03:40:01,21.4,70.77,BuildingA_Floor1,TypeA
1049,2025-04-11 11:50:20,34.71,33.31,BuildingA_Floor2,TypeA
1081,2025-04-07 09:11:26,18.83,46.14,BuildingB_Floor1,TypeC
1094,2025-04-11 15:29:35,27.31,49.28,BuildingA_Floor2,TypeC
1019,2025-04-08 12:29:09,21.53,47.94,BuildingA_Floor1,TypeB
1055,2025-04-09 16:37:29,15.62,53.59,BuildingA_Floor2,TypeB
1076,2025-04-09 19:23:55,20.2,45.0,BuildingB_Floor1,TypeC
1052,2025-04-08 11:28:30,19.99,44.28,BuildingA_Floor1,TypeA
1029,2025-04-10 00:31:34,25.83,58.06,BuildingB_Floor1,TypeB
1024,2025-04-11 23:13:06,16.49,42.35,BuildingA_Floor2,TypeB
1048,2025-04-09 13:28:33,32.4,68.83,BuildingB_Floor1,TypeA
1052,2025-04-08 17:10:53,28.49,42.5,BuildingB_Floor1,TypeC
1016,2025-04-10 11:56:32,34.21,44.01,BuildingA_Floor1,TypeA
1082,2025-04-09 17:25:10,21.6,50.62,BuildingB_Floor2,TypeC
1040,2025-04-10 01:15:03,25.85,47.43,BuildingA_Floor1,TypeB
1034,2025-04-11 16:07:40,27.63,74.19,BuildingA_Floor1,TypeA
1028,2025-04-09 16:03:04,21.37,30.44,BuildingA_Floor2,TypeC
1070,2025-04-10 21:07:47,31.1,75.97,BuildingA_Floor2,TypeC
1009,2025-04-09 04:53:06,15.73,77.11,BuildingA_Floor1,TypeC
1021,2025-04-11 10:22:16,15.46,66.43,BuildingA_Floor2,TypeC
1069,2025-04-08 00:51:41,18.32,45.65,BuildingA_Floor2,TypeB
1004,2025-04-10 05:10:17,34.84,69.21,BuildingA_Floor2,TypeC
1034,2025-04-07 20:47:01,26.61,51.28,BuildingA_Floor2,TypeB
1053,2025-04-11 10:16:02,21.52,61.32,BuildingA_Floor1,TypeB
1032,2025-04-09 10:25:31,33.97,50.53,BuildingB_Floor1,TypeB
1061,2025-04-07 18:58:06,24.56,48.56,BuildingB_Floor1,TypeA
1100,2025-04-07 15:12:26,32.84,68.34,BuildingB_Floor2,TypeB
1039,2025-04-09 09:32:54,22.85,77.12,BuildingB_Floor1,TypeC
1075,2025-04-09 11:41:19,25.8,47.82,BuildingA_Floor2,TypeA
1054,2025-04-08 05:01:17,23.73,32.96,BuildingA_Floor1,TypeB
1058,2025-04-12 00:10:53,20.92,66.98,BuildingA_Floor2,TypeC
1032,2025-04-07 11:28:08,21.75,54.06,BuildingA_Floor2,TypeB
1056,2025-04-11 07:05:34,23.58,55.54,BuildingA_Floor2,TypeA
1079,2025-04-09 18:37:26,28.61,60.8,BuildingB_Floor2,TypeB
1067,2025-04-08 11:21:15,33.37,51.92,BuildingA_Floor2,TypeB
1061,2025-04-09 19:32:14,33.64,76.6,BuildingB_Floor2,TypeA
1100,2025-04-08 16:27:59,28.18,71.94,BuildingA_Floor1,TypeB
1072,2025-04-07 08:17:03,21.47,36.94,BuildingB_Floor1,TypeC
1051,2025-04-07 04:06:01,25.64,32.84,BuildingA_Floor1,TypeB
1079,2025-04-10 02:29:25,23.14,72.73,BuildingA_Floor1,TypeC
1079,2025-04-09 12:11:37,19.33,52.97,BuildingA_Floor1,TypeC
1090,2025-04-08 09:19:00,16.95,52.91,BuildingA_Floor2,TypeA
1011,2025-04-11 13:27:33,20.35,37.34,BuildingB_Floor2,TypeA
1011,2025-04-10 14:19:09,31.95,71.25,BuildingB_Floor1,TypeB
1097,2025-04-10 14:00:24,30.31,77.26,BuildingA_Floor2,TypeC
1066,2025-04-07 02:55:16,20.38,65.2,BuildingA_Floor1,TypeA
1011,2025-04-08 23:24:50,19.31,51.65,BuildingA_Floor2,TypeB
1061,2025-04-11 18:11:12,26.45,60.61,BuildingA_Floor1,TypeB
1031,2025-04-10 06:23:34,32.59,43.6,BuildingA_Floor1,TypeB
1063,2025-04-10 17:54:07,21.73,49.26,BuildingB_Floor2,TypeC
1049,2025-04-11 19:41:05,26.98,77.29,BuildingA_Floor1,TypeC
1026,2025-04-07 16:48:08,16.59,75.11,BuildingB_Floor1,TypeA
1098,2025-04-11 12:47:24,18.21,56.37,BuildingB_Floor2,TypeA
1072,2025-04-10 16:09:07,25.51,75.67,BuildingA_Floor2,TypeB
1015,2025-04-08 07:46:11,23.89,50.78,BuildingA_Floor1,TypeC
1083,2025-04-11 12:51:36,22.87,61.8,BuildingB_Floor2,TypeB
1053,2025-04-10 07:26:01,24.73,79.25,BuildingA_Floor1,TypeC
1100,2025-04-11 01:09:35,27.77,73.24,BuildingA_Floor1,TypeC
1075,2025-04-07 13:38:06,15.1,40.32,BuildingB_Floor2,TypeB
1048,2025-04-11 14:57:52,20.51,32.35,BuildingB_Floor1,TypeC
1077,2025-04-11 21:27:34,28.84,57.44,BuildingB_Floor1,TypeA
1026,2025-04-10 00:14:01,33.75,70.95,BuildingB_Floor2,TypeA
1014,2025-04-09 13:52:09,24.36,48.57,BuildingB_Floor1,TypeA
1034,2025-04-08 05:22:15,26.58,30.84,BuildingB_Floor1,TypeB
1085,2025-04-09 14:20:41,16.21,68.42,BuildingA_Floor1,TypeC
1094,2025-04-11 05:56:49,34.73,44.64,BuildingA_Floor2,TypeC
1098,2025-04-10 00:21:51,21.29,55.58,BuildingA_Floor2,TypeA
1044,2025-04-08 19:15:29,32.41,36.04,BuildingB_Floor1,TypeA
1028,2025-04-09 18:10:20,17.86,66.14,BuildingA_Floor1,TypeA
1094,2025-04-10 15:47:07,25.33,76.49,BuildingB_Floor1,TypeB
1084,2025-04-09 04:00:03,22.75,35.99,BuildingA_Floor2,TypeC
1055,2025-04-09 01:05:05,27.87,51.55,BuildingA_Floor2,TypeB
1026,2025-04-07 05:24:33,25.39,42.79,BuildingB_Floor1,TypeC
1042,2025-04-07 16:34:18,21.2,68.83,BuildingB_Floor2,TypeB
1077,2025-04-07 17:18:11,22.8,67.2,BuildingA_Floor1,TypeA
1077,2025-04-09 09:38:02,25.14,53.18,BuildingA_Floor1,TypeA
1005,2025-04-07 18:30:11,18.11,57.35,BuildingB_Floor2,TypeB
1015,2025-04-08 23:09:01,33.69,65.55,BuildingA_Floor2,TypeC
1036,2025-04-07 19:21:07,18.26,72.67,BuildingA_Floor1,TypeA
1012,2025-04-11 11:55:01,33.13,52.0,BuildingB_Floor2,TypeC
1053,2025-04-07 14:25:15,19.95,61.15,BuildingB_Floor2,TypeA
1039,2025-04-07 22:29:26,18.16,33.83,BuildingB_Floor2,TypeA
1081,2025-04-11 18:19:09,25.74,54.37,BuildingA_Floor2,TypeB
1017,2025-04-09 13:21:37,28.48,74.9,BuildingB_Floor1,TypeA
1076,2025-04-08 05:59:31,18.25,57.72,BuildingA_Floor2,TypeA
1021,2025-04-10 05:21:46,25.83,78.09,BuildingB_Floor2,TypeA
1092,2025-04-11 03:24:59,30.68,30.83,BuildingA_Floor1,TypeA
1049,2025-04-10 15:13:33,27.45,67.18,BuildingA_Floor1,TypeB
1073,2025-04-08 15:25:21,29.95,43.43,BuildingB_Floor1,TypeA
1096,2025-04-08 02:13:27,19.56,71.52,BuildingB_Floor1,TypeA
1024,2025-04-08 21:14:18,34.58,39.97,BuildingB_Floor2,TypeB
1063,2025-04-11 04:06:12,22.71,65.76,BuildingB_Floor1,TypeB
1065,2025-04-08 05:39:24,23.62,44.13,BuildingA_Floor2,TypeC
1034,2025-04-07 18:15:18,34.42,47.05,BuildingB_Floor1,TypeA
1079,2025-04-07 14:08:33,28.61,76.45,BuildingA_Floor2,TypeA
1065,2025-04-08 21:06:53,15.6,65.87,BuildingA_Floor2,TypeC
1008,2025-04-09 10:45:59,34.32,38.09,BuildingA_Floor1,TypeA
1076,2025-04-10 08:03:02,29.19,72.1,BuildingA_Floor2,TypeC
1004,2025-04-08 21:07:26,15.27,66.12,BuildingA_Floor1,TypeA
1009,2025-04-10 05:06:41,23.04,55.74,BuildingB_Floor1,TypeA
1094,2025-04-07 11:52:41,28.91,72.14,BuildingA_Floor2,TypeA
1037,2025-04-10 18:53:01,16.9,43.79,BuildingA_Floor2,TypeB
1098,2025-04-07 17:27:56,25.41,67.73,BuildingA_Floor1,TypeC
1064,2025-04-09 07:20:43,34.66,33.99,BuildingB_Floor2,TypeB
1053,2025-04-07 04:42:05,19.87,60.56,BuildingA_Floor1,TypeC
1093,2025-04-11 22:48:50,16.97,65.09,BuildingA_Floor2,TypeB
1016,2025-04-09 00:52:53,25.32,56.71,BuildingA_Floor2,TypeC
1040,2025-04-09 01:26:22,33.58,60.92,BuildingB_Floor2,TypeA
1054,2025-04-07 23:30:12,33.84,53.8,BuildingB_Floor2,TypeC
1048,2025-04-07 12:02:15,18.43,41.25,BuildingB_Floor2,TypeA
1097,2025-04-08 16:58:43,19.67,56.31,BuildingB_Floor1,TypeB
1038,2025-04-11 12:22:30,31.43,41.2,BuildingB_Floor1,TypeC
1099,2025-04-07 22:44:10,16.93,53.29,BuildingB_Floor2,TypeB
1007,2025-04-09 11:05:53,33.71,67.12,BuildingA_Floor1,TypeB
1041,2025-04-11 01:30:52,25.62,70.58,BuildingA_Floor2,TypeB
1040,2025-04-09 12:25:38,30.27,52.86,BuildingB_Floor2,TypeC
1060,2025-04-11 19:50:58,27.73,76.31,BuildingA_Floor1,TypeB
1042,2025-04-09 17:49:14,25.26,34.4,BuildingB_Floor2,TypeB
1060,2025-04-07 02:14:01,24.85,50.09,BuildingA_Floor2,TypeC
1074,2025-04-09 23:05:13,29.96,46.98,BuildingA_Floor1,TypeC
1064,2025-04-11 18:04:18,28.19,34.76,BuildingA_Floor1,TypeC
1061,2025-04-07 23:58:19,22.01,56.91,BuildingB_Floor2,TypeC
1016,2025-04-08 11:20:13,15.76,53.5,BuildingA_Floor1,TypeB
1086,2025-04-11 14:28:19,27.18,72.34,BuildingA_Floor1,TypeB
1044,2025-04-10 21:05:26,19.93,79.18,BuildingA_Floor2,TypeA
1080,2025-04-12 01:38:49,23.91,48.01,BuildingA_Floor1,TypeA
1083,2025-04-08 19:33:42,25.77,69.64,BuildingB_Floor2,TypeB
1086,2025-04-07 13:22:08,24.97,45.58,BuildingB_Floor2,TypeB
1064,2025-04-08 23:03:16,34.72,57.88,BuildingB_Floor2,TypeC
1033,2025-04-10 21:31:01,34.14,68.63,BuildingA_Floor1,TypeB
1068,2025-04-07 04:43:58,25.92,75.22,BuildingA_Floor2,TypeA
1062,2025-04-07 14:02:15,19.74,55.14,BuildingB_Floor1,TypeC
1020,2025-04-11 17:20:10,22.18,35.7,BuildingA_Floor2,TypeA
1058,2025-04-10 21:45:46,22.55,31.91,BuildingA_Floor1,TypeC
1037,2025-04-11 13:52:53,23.99,77.75,BuildingA_Floor2,TypeA
1002,2025-04-07 09:47:10,33.18,45.62,BuildingB_Floor2,TypeA
1098,2025-04-11 05:09:05,30.12,33.28,BuildingB_Floor2,TypeC
1072,2025-04-09 00:15:58,17.68,76.22,BuildingA_Floor1,TypeC
1032,2025-04-09 09:06:54,23.75,57.56,BuildingA_Floor1,TypeB
1052,2025-04-09 14:40:24,19.3,33.53,BuildingA_Floor1,TypeC
1035,2025-04-08 08:54:59,17.12,46.27,BuildingB_Floor2,TypeA
1021,2025-04-09 16:34:41,32.77,71.07,BuildingA_Floor2,TypeB
1045,2025-04-10 03:13:21,24.03,45.68,BuildingA_Floor2,TypeC
1045,2025-04-11 18:05:15,28.33,35.2,BuildingB_Floor1,TypeC
1005,2025-04-11 16:55:06,22.93,71.76,BuildingA_Floor1,TypeB
1017,2025-04-08 10:20:53,19.44,32.14,BuildingB_Floor2,TypeB
1059,2025-04-10 11:48:41,30.88,69.69,BuildingA_Floor1,TypeA
1049,2025-04-08 05:34:03,32.52,70.07,BuildingA_Floor2,TypeB
1032,2025-04-10 08:20:36,28.62,44.73,BuildingB_Floor1,TypeA
1028,2025-04-07 02:57:07,20.47,77.39,BuildingA_Floor1,TypeC
1098,2025-04-07 16:31:16,20.89,41.98,BuildingB_Floor2,TypeC
1000,2025-04-07 08:14:34,27.39,58.3,BuildingB_Floor1,TypeA
1088,2025-04-12 01:36:34,16.08,65.05,BuildingB_Floor1,TypeB
1016,2025-04-09 16:41:44,32.5,49.86,BuildingA_Floor2,TypeA
1065,2025-04-08 00:12:58,20.98,53.83,BuildingB_Floor2,TypeA
1071,2025-04-07 17:14:00,34.54,57.69,BuildingA_Floor2,TypeC
1061,2025-04-07 08:22:24,19.78,71.36,BuildingB_Floor1,TypeC
1024,2025-04-09 20:18:33,29.44,38.93,BuildingA_Floor2,TypeC
1012,2025-04-10 18:15:36,16.14,69.46,BuildingA_Floor2,TypeB
1072,2025-04-08 13:08:21,29.83,63.87,BuildingB_Floor2,TypeB
1078,2025-04-08 14:41:40,34.25,35.5,BuildingB_Floor1,TypeA
1076,2025-04-10 10:46:00,17.24,38.8,BuildingA_Floor1,TypeC
1054,2025-04-11 13:53:49,22.32,77.09,BuildingA_Floor2,TypeA
1089,2025-04-10 03:29:31,17.48,76.62,BuildingB_Floor1,TypeA
1026,2025-04-08 03:57:55,24.39,73.42,BuildingB_Floor2,TypeA
1057,2025-04-10 16:25:07,17.54,48.65,BuildingB_Floor1,TypeC
1031,2025-04-07 12:38:29,29.23,50.28,BuildingB_Floor1,TypeB
1026,2025-04-08 11:09:33,32.91,72.58,BuildingB_Floor1,TypeC
1010,2025-04-08 17:13:09,17.13,39.23,BuildingB_Floor1,TypeC
1070,2025-04-07 03:58:03,28.51,55.8,BuildingB_Floor1,TypeB
1043,2025-04-10 03:45:56,29.48,70.89,BuildingB_Floor2,TypeA
1094,2025-04-11 13:22:57,31.02,33.45,BuildingB_Floor1,TypeA
1043,2025-04-10 06:57:54,21.85,40.94,BuildingB_Floor1,TypeA
1032,2025-04-12 01:16:44,33.56,74.27,BuildingB_Floor1,TypeC
1055,2025-04-08 05:48:01,25.88,79.31,BuildingB_Floor2,TypeB
1025,2025-04-10 21:31:16,30.77,48.87,BuildingA_Floor2,TypeA
1005,2025-04-08 10:14:00,34.18,67.72,BuildingB_Floor2,TypeB
1007,2025-04-11 21:34:18,16.82,56.59,BuildingA_Floor1,TypeC
1006,2025-04-09 07:36:35,16.35,79.79,BuildingA_Floor2,TypeA
1076,2025-04-10 10:19:09,15.79,30.52,BuildingB_Floor1,TypeC
1027,2025-04-08 11:52:54,29.88,55.32,BuildingA_Floor2,TypeA
1100,2025-04-07 22:03:33,29.16,70.98,BuildingB_Floor2,TypeB
1029,2025-04-07 12:22:09,30.57,32.3,BuildingB_Floor1,TypeB
1051,2025-04-08 10:58:05,27.01,38.56,BuildingB_Floor2,TypeC
1053,2025-04-09 18:59:52,33.21,42.09,BuildingB_Floor2,TypeA
1048,2025-04-11 00:09:40,29.2,58.95,BuildingA_Floor1,TypeC
1002,2025-04-11 02:09:52,33.08,55.12,BuildingA_Floor2,TypeA
1040,2025-04-11 23:35:22,24.72,51.1,BuildingA_Floor1,TypeC
1061,2025-04-08 21:16:27,26.17,47.11,BuildingB_Floor1,TypeC
1094,2025-04-07 07:51:06,30.8,79.33,BuildingB_Floor1,TypeB
1042,2025-04-09 11:48:31,25.96,43.77,BuildingB_Floor1,TypeB
1012,2025-04-08 02:15:25,33.09,59.74,BuildingB_Floor1,TypeC
1029,2025-04-08 11:59:09,28.7,70.46,BuildingB_Floor2,TypeA
1042,2025-04-08 10:23:43,29.0,77.44,BuildingB_Floor1,TypeA
1018,2025-04-07 13:24:03,17.57,62.65,BuildingA_Floor1,TypeC
1026,2025-04-10 14:28:09,32.52,53.11,BuildingA_Floor2,TypeB
1080,2025-04-09 00:25:51,28.36,35.03,BuildingA_Floor1,TypeB
1071,2025-04-09 19:02:32,29.33,32.63,BuildingA_Floor1,TypeA
1006,2025-04-10 19:15:31,25.28,74.68,BuildingB_Floor1,TypeA
1003,2025-04-10 08:05:39,28.68,45.03,BuildingB_Floor2,TypeA
1015,2025-04-07 15:51:10,21.5,34.41,BuildingA_Floor2,TypeC
1066,2025-04-11 01:53:09,17.46,55.3,BuildingB_Floor2,TypeB
1090,2025-04-10 21:01:31,16.77,53.87,BuildingA_Floor2,TypeA
1097,2025-04-08 07:29:29,26.75,34.67,BuildingA_Floor1,TypeB
1012,2025-04-10 05:36:41,22.12,63.25,BuildingA_Floor2,TypeA
1079,2025-04-10 00:30:35,27.22,64.52,BuildingB_Floor2,TypeA
1058,2025-04-07 04:54:26,20.24,79.1,BuildingA_Floor2,TypeA
1095,2025-04-07 14:14:30,23.77,69.93,BuildingA_Floor1,TypeC
1080,2025-04-11 23:40:59,25.33,79.98,BuildingB_Floor1,TypeC
1044,2025-04-10 14:59:00,18.41,74.69,BuildingB_Floor1,TypeA
1059,2025-04-07 11:22:00,28.92,41.1,BuildingB_Floor2,TypeA
1092,2025-04-10 03:38:10,26.7,70.72,BuildingB_Floor2,TypeB
1097,2025-04-10 19:39:59,25.49,74.88,BuildingB_Floor2,TypeC
1063,2025-04-07 04:28:07,24.78,70.56,BuildingB_Floor1,TypeC
1003,2025-04-11 10:52:43,28.67,54.69,BuildingB_Floor2,TypeC
1078,2025-04-07 06:48:48,24.29,45.99,BuildingA_Floor1,TypeA
1034,2025-04-07 11:18:29,31.42,39.54,BuildingA_Floor1,TypeC
1090,2025-04-11 01:49:04,30.85,69.89,BuildingB_Floor2,TypeB
1078,2025-04-07 17:39:05,27.42,41.26,BuildingB_Floor2,TypeC
1007,2025-04-10 17:00:40,24.47,65.36,BuildingB_Floor2,TypeB
1096,2025-04-09 03:22:48,34.2,32.28,BuildingA_Floor2,TypeA
1077,2025-04-11 22:54:49,23.97,75.61,BuildingB_Floor2,TypeB
1030,2025-04-11 22:09:39,17.92,41.99,BuildingA_Floor1,TypeC
1039,2025-04-10 05:29:13,32.47,34.64,BuildingB_Floor1,TypeC
1050,2025-04-10 04:09:07,24.95,48.05,BuildingB_Floor2,TypeA
1009,2025-04-09 16:31:59,32.6,46.41,BuildingA_Floor1,TypeA
1081,2025-04-11 23:07:18,23.4,63.51,BuildingA_Floor2,TypeB
1007,2025-04-09 00:12:12,16.37,76.5,BuildingB_Floor2,TypeA
1043,2025-04-09 23:51:25,28.24,68.69,BuildingB_Floor1,TypeB
1098,2025-04-08 07:13:17,23.47,44.36,BuildingA_Floor1,TypeB
1017,2025-04-09 13:04:14,30.84,60.3,BuildingB_Floor1,TypeC
1057,2025-04-07 16:59:50,29.37,37.0,BuildingA_Floor1,TypeB
1007,2025-04-08 07:39:42,15.46,36.28,BuildingA_Floor2,TypeC
1017,2025-04-07 19:20:44,31.4,52.33,BuildingA_Floor2,TypeA
1037,2025-04-08 19:28:06,28.51,78.23,BuildingA_Floor1,TypeC
1055,2025-04-07 07:00:15,30.01,44.0,BuildingB_Floor1,TypeA
1036,2025-04-08 11:30:38,23.96,38.24,BuildingB_Floor1,TypeB
1022,2025-04-10 21:26:02,16.66,75.95,BuildingA_Floor1,TypeA
1080,2025-04-10 16:45:15,20.13,63.32,BuildingA_Floor2,TypeC
1002,2025-04-11 16:13:23,21.02,35.75,BuildingA_Floor1,TypeB
1090,2025-04-11 05:10:13,27.42,59.58,BuildingB_Floor1,TypeC
1016,2025-04-11 04:22:56,15.19,49.64,BuildingB_Floor2,TypeA
1079,2025-04-10 09:38:02,31.96,63.12,BuildingA_Floor1,TypeC
1049,2025-04-08 03:59:36,16.14,65.1,BuildingB_Floor1,TypeA
1073,2025-04-10 19:51:52,25.31,46.72,BuildingB_Floor1,TypeC
1023,2025-04-11 02:40:27,28.13,60.94,BuildingB_Floor2,TypeB
1014,2025-04-07 06:18:02,28.2,71.01,BuildingB_Floor2,TypeA
1034,2025-04-10 20:41:00,23.9,51.98,BuildingA_Floor1,TypeB
1018,2025-04-11 00:22:41,20.0,68.53,BuildingB_Floor1,TypeA
1074,2025-04-08 23:29:44,29.27,43.07,BuildingA_Floor1,TypeC
1057,2025-04-11 21:06:05,21.21,60.8,BuildingA_Floor1,TypeB
1039,2025-04-08 15:12:21,23.16,30.69,BuildingB_Floor2,TypeB
1082,2025-04-08 23:42:10,23.07,58.78,BuildingB_Floor2,TypeA
1009,2025-04-08 17:56:41,29.72,41.32,BuildingA_Floor1,TypeB
1013,2025-04-09 09:23:26,30.7,35.22,BuildingB_Floor1,TypeC
1063,2025-04-08 21:28:30,20.11,34.14,BuildingB_Floor1,TypeB
1085,2025-04-07 19:01:36,21.57,53.5,BuildingB_Floor1,TypeB
1019,2025-04-10 11:32:32,28.38,75.68,BuildingB_Floor2,TypeC
1022,2025-04-10 20:12:15,22.65,78.89,BuildingA_Floor1,TypeC
1048,2025-04-11 15:37:31,23.43,72.92,BuildingB_Floor1,TypeB
1100,2025-04-12 00:42:55,33.27,70.14,BuildingA_Floor2,TypeB
1071,2025-04-10 22:06:37,33.81,76.59,BuildingB_Floor2,TypeA
1073,2025-04-11 05:26:22,21.97,36.92,BuildingA_Floor2,TypeB
1033,2025-04-10 16:32:42,29.96,51.28,BuildingB_Floor1,TypeA
1083,2025-04-11 04:49:27,28.12,55.08,BuildingA_Floor2,TypeB
1007,2025-04-11 15:22:07,16.3,48.51,BuildingB_Floor1,TypeC
1011,2025-04-07 21:29:56,34.05,45.24,BuildingB_Floor1,TypeB
1075,2025-04-07 12:46:27,28.55,31.72,BuildingB_Floor1,TypeA
1030,2025-04-11 02:51:58,22.04,66.29,BuildingB_Floor2,TypeB
1098,2025-04-11 20:37:26,16.03,56.5,BuildingA_Floor2,TypeC
1092,2025-04-07 17:35:59,28.89,46.34,BuildingA_Floor2,TypeA
1015,2025-04-10 08:35:24,20.89,73.43,BuildingA_Floor2,TypeB
1050,2025-04-08 22:27:08,28.2,45.22,BuildingA_Floor1,TypeB
1043,2025-04-10 03:24:43,15.78,30.1,BuildingA_Floor1,TypeB
1062,2025-04-11 01:37:25,24.07,39.18,BuildingB_Floor1,TypeC
1078,2025-04-07 14:07:55,21.68,37.36,BuildingA_Floor1,TypeA
1024,2025-04-07 18:57:53,23.76,53.99,BuildingA_Floor1,TypeC
1058,2025-04-11 11:30:49,31.22,58.66,BuildingA_Floor2,TypeC
1020,2025-04-07 14:54:32,17.26,49.9,BuildingB_Floor2,TypeB
1057,2025-04-09 12:12:13,30.4,58.67,BuildingA_Floor1,TypeA
1046,2025-04-10 17:00:55,32.61,53.49,BuildingA_Floor1,TypeA
1068,2025-04-08 13:18:27,20.57,67.62,BuildingB_Floor2,TypeC
1074,2025-04-11 01:50:53,33.14,67.01,BuildingB_Floor2,TypeB
1010,2025-04-10 04:31:36,22.54,69.14,BuildingA_Floor1,TypeC
1035,2025-04-08 09:42:29,19.2,55.55,BuildingA_Floor2,TypeC
1018,2025-04-08 09:47:40,27.65,45.72,BuildingA_Floor2,TypeB
1028,2025-04-08 01:19:44,25.57,76.93,BuildingB_Floor2,TypeA
1008,2025-04-08 00:56:53,22.86,34.69,BuildingB_Floor2,TypeA
1001,2025-04-07 05:56:41,32.01,57.56,BuildingB_Floor2,TypeC
1035,2025-04-07 02:59:35,30.82,30.12,BuildingA_Floor2,TypeA
1099,2025-04-07 07:57:54,18.58,66.23,BuildingB_Floor2,TypeB
1091,2025-04-07 02:52:09,34.47,46.87,BuildingA_Floor2,TypeC
1096,2025-04-07 22:21:35,30.86,62.44,BuildingB_Floor1,TypeA
1100,2025-04-10 18:17:38,32.53,43.22,BuildingB_Floor2,TypeC
1062,2025-04-07 15:17:47,15.62,68.98,BuildingA_Floor2,TypeB
1066,2025-04-07 06:08:12,23.69,38.68,BuildingA_Floor1,TypeB
1031,2025-04-10 12:05:18,17.29,51.91,BuildingB_Floor2,TypeA
1012,2025-04-11 13:21:05,32.73,59.26,BuildingA_Floor2,TypeB
1093,2025-04-10 16:22:09,16.58,58.28,BuildingB_Floor1,TypeA
1089,2025-04-07 20:45:38,16.61,37.73,BuildingA_Floor1,TypeC
1003,2025-04-07 10:58:50,26.33,40.19,BuildingA_Floor2,TypeA
1095,2025-04-10 23:13:20,20.5,37.51,BuildingB_Floor1,TypeB
1041,2025-04-08 11:26:21,17.81,52.91,BuildingA_Floor2,TypeB
1049,2025-04-09 00:16:34,15.96,30.37,BuildingB_Floor2,TypeA
1038,2025-04-07 08:54:51,27.85,44.96,BuildingB_Floor2,TypeB
1046,2025-04-11 09:12:55,18.46,47.52,BuildingA_Floor2,TypeA
1053,2025-04-07 04:28:07,17.43,46.82,BuildingA_Floor2,TypeB
1003,2025-04-09 00:24:05,19.43,69.34,BuildingB_Floor1,TypeB
1041,2025-04-08 10:17:52,28.75,34.68,BuildingA_Floor1,TypeC
1092,2025-04-08 18:33:54,24.6,60.44,BuildingB_Floor1,TypeC
1093,2025-04-10 04:38:54,32.49,67.12,BuildingA_Floor1,TypeB
1081,2025-04-11 01:19:33,33.37,69.89,BuildingA_Floor1,TypeA
1054,2025-04-12 01:01:52,22.28,51.86,BuildingA_Floor1,TypeC
1093,2025-04-10 02:33:13,16.21,39.09,BuildingA_Floor1,TypeC
1036,2025-04-07 22:27:14,24.03,46.06,BuildingA_Floor2,TypeB
1025,2025-04-09 09:38:59,16.77,65.19,BuildingB_Floor1,TypeC
